negara_bagian,jam,jumlah,parah
AZ,0,2199,179
AZ,1,1936,170
AZ,2,1821,138
AZ,3,2226,303
AZ,4,4009,813
AZ,5,5673,1039
AZ,6,8977,1336
AZ,7,11968,1395
AZ,8,11981,1320
AZ,9,7950,946
AZ,10,6488,918
AZ,11,6569,923
AZ,12,6943,1035
AZ,13,8432,1304
AZ,14,11222,1519
AZ,15,12281,1605
AZ,16,14412,1783
AZ,17,13401,1742
AZ,18,10479,1352
AZ,19,7113,922
AZ,20,4766,634
AZ,21,4046,562
AZ,22,3215,502
AZ,23,2467,209
CA,0,35993,6032
CA,1,32856,4667
CA,2,32214,5514
CA,3,27283,5106
CA,4,35865,6828
CA,5,58829,9785
CA,6,80909,13283
CA,7,97380,15027
CA,8,95327,16336
CA,9,77403,15016
CA,10,73937,14773
CA,11,79689,15599
CA,12,82406,13853
CA,13,95681,14253
CA,14,111574,15598
CA,15,121409,17262
CA,16,117949,16832
CA,17,122348,17938
CA,18,98331,16443
CA,19,70124,12341
CA,20,57833,10713
CA,21,50800,9036
CA,22,45016,6905
CA,23,40151,6112
FL,0,10348,1020
FL,1,8391,533
FL,2,8319,484
FL,3,8613,597
FL,4,18138,3020
FL,5,22965,3483
FL,6,45547,7182
FL,7,66036,10432
FL,8,67305,10386
FL,9,38096,6747
FL,10,33389,5612
FL,11,37451,5487
FL,12,47031,5572
FL,13,55332,5846
FL,14,62296,5955
FL,15,66708,6657
FL,16,70502,7795
FL,17,65437,7434
FL,18,46228,6447
FL,19,30715,5255
FL,20,24017,4418
FL,21,19245,3104
FL,22,16609,2824
FL,23,11316,874
GA,0,1993,771
GA,1,1513,478
GA,2,1509,492
GA,3,1672,522
GA,4,3574,1563
GA,5,4588,1764
GA,6,9967,3809
GA,7,14721,5205
GA,8,13629,4621
GA,9,7538,3502
GA,10,8257,3445
GA,11,7566,3193
GA,12,8865,3730
GA,13,8476,3962
GA,14,8917,4350
GA,15,9803,4749
GA,16,11350,5633
GA,17,11089,5341
GA,18,9696,4788
GA,19,7703,3916
GA,20,6313,3159
GA,21,4440,2299
GA,22,3970,2053
GA,23,2069,662
MN,0,3076,96
MN,1,2775,107
MN,2,2480,159
MN,3,2137,116
MN,4,3793,424
MN,5,5200,569
MN,6,10256,1288
MN,7,13878,1769
MN,8,12212,1691
MN,9,9116,1397
MN,10,7695,1098
MN,11,7197,1168
MN,12,8151,1610
MN,13,9015,1624
MN,14,10821,1849
MN,15,14547,2839
MN,16,14273,3117
MN,17,14179,3332
MN,18,9494,2040
MN,19,7278,1185
MN,20,7418,1056
MN,21,6815,930
MN,22,6176,998
MN,23,4062,258
NC,0,4056,407
NC,1,2686,301
NC,2,2765,273
NC,3,2062,224
NC,4,4636,756
NC,5,5352,715
NC,6,12870,1693
NC,7,24892,2873
NC,8,26633,3052
NC,9,19406,2239
NC,10,16705,1701
NC,11,18461,1847
NC,12,14821,1727
NC,13,17641,2075
NC,14,19499,2364
NC,15,21080,2721
NC,16,30138,3502
NC,17,30253,3322
NC,18,22069,2688
NC,19,13853,1668
NC,20,9043,1167
NC,21,8345,1128
NC,22,7320,1070
NC,23,3535,432
NY,0,5869,1426
NY,1,4345,821
NY,2,3811,847
NY,3,3565,853
NY,4,6997,1604
NY,5,11332,2570
NY,6,20304,4127
NY,7,29125,5845
NY,8,28635,6236
NY,9,17562,4124
NY,10,15863,3725
NY,11,16959,3537
NY,12,15458,3394
NY,13,16959,3809
NY,14,19377,4447
NY,15,21772,4716
NY,16,23316,5753
NY,17,23117,6107
NY,18,16627,4536
NY,19,12430,3567
NY,20,10655,3042
NY,21,9010,2261
NY,22,7857,1915
NY,23,6887,1517
OR,0,3603,189
OR,1,3292,185
OR,2,2999,165
OR,3,2813,190
OR,4,4253,524
OR,5,5723,679
OR,6,7738,793
OR,7,10558,991
OR,8,10089,950
OR,9,7918,738
OR,10,8042,782
OR,11,8387,866
OR,12,9103,874
OR,13,9744,803
OR,14,10798,892
OR,15,11607,1003
OR,16,11756,931
OR,17,11790,970
OR,18,9769,835
OR,19,7762,658
OR,20,6329,430
OR,21,5828,488
OR,22,4679,274
OR,23,4060,237
PA,0,5080,748
PA,1,4466,546
PA,2,4077,565
PA,3,3205,464
PA,4,6609,1275
PA,5,9212,1369
PA,6,16460,2227
PA,7,25106,3208
PA,8,24639,3033
PA,9,12360,2147
PA,10,13251,2263
PA,11,14426,2180
PA,12,13338,2254
PA,13,14284,2439
PA,14,16555,2833
PA,15,18511,3024
PA,16,20245,3359
PA,17,19680,3217
PA,18,13778,2499
PA,19,10523,1969
PA,20,9131,1566
PA,21,8076,1473
PA,22,7698,1456
PA,23,5796,748
SC,0,3968,152
SC,1,3415,79
SC,2,3353,79
SC,3,2809,104
SC,4,10426,1151
SC,5,11035,1022
SC,6,20123,2295
SC,7,30014,3530
SC,8,27004,3458
SC,9,14870,2095
SC,10,17410,2200
SC,11,19407,2626
SC,12,16401,2251
SC,13,18355,2673
SC,14,19296,2701
SC,15,25847,3409
SC,16,33651,4259
SC,17,33521,4212
SC,18,25049,2896
SC,19,18169,1815
SC,20,9783,1036
SC,21,7355,656
SC,22,6627,641
SC,23,4540,217
TX,0,5319,420
TX,1,4769,390
TX,2,5079,450
TX,3,4421,583
TX,4,12811,2805
TX,5,16846,4010
TX,6,33889,8743
TX,7,47427,10195
TX,8,51204,9631
TX,9,33863,6664
TX,10,32566,5636
TX,11,30423,5500
TX,12,26813,6070
TX,13,27775,6403
TX,14,28230,7029
TX,15,33659,7645
TX,16,40528,9944
TX,17,41569,10379
TX,18,33054,8591
TX,19,24628,6577
TX,20,16530,3963
TX,21,12995,2906
TX,22,10977,2162
TX,23,7404,921
VA,0,4101,687
VA,1,3498,505
VA,2,3458,499
VA,3,2698,443
VA,4,6516,1607
VA,5,8193,1988
VA,6,15248,3351
VA,7,22249,4951
VA,8,22160,4785
VA,9,12575,3322
VA,10,12160,2994
VA,11,13133,2981
VA,12,15202,3426
VA,13,16016,3456
VA,14,18499,3805
VA,15,20832,4665
VA,16,24523,5508
VA,17,23942,5504
VA,18,17569,4720
VA,19,12481,3473
VA,20,8980,2372
VA,21,7674,1873
VA,22,6884,1864
VA,23,4650,726
