id,kota,jalan,lat,lng,jumlah_kecelakaan,rata_severity,pagerank,komunitas,degree
San Diego|I-5 N,San Diego,I-5 N,32.7879,-117.1858,4189,2.371,5.8215,249108103273,236
San Diego|I-5 S,San Diego,I-5 S,32.7592,-117.174,2807,2.153,5.6497,249108103273,228
San Diego|I-5,San Diego,I-5,32.7844,-117.1846,993,2.03,5.5358,249108103273,226
Sacramento|CA-99 S,Sacramento,CA-99 S,38.5407,-121.4702,2993,2.129,5.4278,240518168676,204
Bakersfield|CA-99 N,Bakersfield,CA-99 N,35.3146,-119.0386,2035,2.032,4.8891,455266533380,130
Bakersfield|CA-99 S,Bakersfield,CA-99 S,35.365,-119.0513,1524,2.028,4.8215,455266533380,128
Los Angeles|I-5 N,Los Angeles,I-5 N,34.0335,-118.1914,4375,2.416,4.3124,412316860476,190
Sacramento|I-80 E,Sacramento,I-80 E,38.6479,-121.4259,2734,2.431,4.208,249108103270,156
Bakersfield|CA-99,Bakersfield,CA-99,35.311,-119.0382,524,2.004,4.1166,455266533380,114
San Diego|I-805 N,San Diego,I-805 N,32.7766,-117.1376,3331,2.399,4.1148,249108103273,178
Los Angeles|I-10 W,Los Angeles,I-10 W,34.0359,-118.3033,7307,2.37,4.0596,386547056703,196
Salinas|El Camino Real N,Salinas,El Camino Real N,36.7405,-121.6526,1309,2.008,3.9342,231928234090,64
San Diego|I-805 S,San Diego,I-805 S,32.7973,-117.1505,3700,2.304,3.9322,249108103273,172
Stockton|CA-99 S,Stockton,CA-99 S,37.9742,-121.2459,693,1.996,3.9155,68719476866,90
Anaheim|CA-91 E,Anaheim,CA-91 E,33.86,-117.8119,4334,2.029,3.8619,429496729601,116
Fresno|CA-41,Fresno,CA-41,36.7024,-119.7843,437,1.977,3.8534,532575944739,110
Sacramento|Capital City Fwy W,Sacramento,Capital City Fwy W,38.5926,-121.4503,2965,2.146,3.7739,92,152
Sacramento|CA-99 N,Sacramento,CA-99 N,38.5225,-121.4605,3493,2.031,3.7728,455266533510,140
Los Angeles|I-10 E,Los Angeles,I-10 E,34.0357,-118.3114,7476,2.421,3.7454,386547056703,180
San Jose|US-101,San Jose,US-101,37.3253,-121.8529,505,1.98,3.7001,257698037905,122
Los Angeles|I-5,Los Angeles,I-5,34.0591,-118.214,938,2.108,3.6934,412316860476,164
San Diego|Escondido Fwy S,San Diego,Escondido Fwy S,32.902,-117.1037,2858,2.354,3.6488,249108103273,156
San Diego|Escondido Fwy N,San Diego,Escondido Fwy N,32.911,-117.1027,2450,2.211,3.6488,249108103273,156
San Diego|I-805,San Diego,I-805,32.7953,-117.1489,630,2.052,3.6163,249108103273,160
San Diego|San Diego Fwy S,San Diego,San Diego Fwy S,32.784,-117.1944,867,2.664,3.6047,249108103273,148
Sacramento|CA-16 W,Sacramento,CA-16 W,38.5821,-121.4791,2408,2.149,3.5503,240518168676,134
Sacramento|I-80 W,Sacramento,I-80 W,38.6495,-121.4206,1957,2.373,3.5124,249108103270,130
Sacramento|CA-99,Sacramento,CA-99,38.5303,-121.4615,475,2.0,3.4921,455266533510,120
Anaheim|Riverside Fwy E,Anaheim,Riverside Fwy E,33.8584,-117.8237,1738,2.097,3.4793,429496729601,102
Escondido|Escondido Fwy S,Escondido,Escondido Fwy S,33.1307,-117.0987,1644,2.337,3.468,8589934731,102
Fresno|CA-99 S,Fresno,CA-99 S,36.739,-119.809,1403,2.011,3.4641,481036337187,108
Sacramento|Capital City Fwy E,Sacramento,Capital City Fwy E,38.5884,-121.4547,2816,2.165,3.3894,92,136
Sacramento|CA-16 E,Sacramento,CA-16 E,38.6034,-121.5078,2408,2.168,3.3723,240518168676,126
Stockton|CA-99 N,Stockton,CA-99 N,37.9696,-121.2436,759,2.017,3.3684,68719476866,78
Anaheim|CA-91,Anaheim,CA-91,33.8544,-117.8442,515,2.008,3.3266,429496729601,98
Escondido|I-15,Escondido,I-15,33.1481,-117.1051,344,2.032,3.2751,8589934731,98
Santa Rosa|Redwood Hwy N,Santa Rosa,Redwood Hwy N,38.4311,-122.7249,971,1.997,3.2668,94489280644,78
Stockton|CA-99,Stockton,CA-99,37.9769,-121.2444,209,2.01,3.2647,231928234112,76
Escondido|Escondido Fwy N,Escondido,Escondido Fwy N,33.1268,-117.0981,1079,2.153,3.2432,8589934731,96
Fresno|CA-99,Fresno,CA-99,36.7426,-119.8126,315,2.006,3.2408,481036337187,100
San Diego|I-15 N,San Diego,I-15 N,32.9052,-117.103,1183,2.659,3.238,249108103273,136
San Diego|I-15,San Diego,I-15,32.9065,-117.1041,454,2.044,3.199,249108103273,134
Riverside|I-215 N,Riverside,I-215 N,33.9805,-117.3333,2041,2.541,3.1363,94489280620,108
Anaheim|CA-91 W,Anaheim,CA-91 W,33.8575,-117.8061,4838,2.038,3.1252,429496729601,94
Fresno|CA-99 N,Fresno,CA-99 N,36.7332,-119.8022,1379,2.0,3.1119,481036337187,98
San Francisco|US-101,San Francisco,US-101,37.7372,-122.4114,363,2.011,3.0913,438086664325,98
Santa Rosa|US-101 N,Santa Rosa,US-101 N,38.4284,-122.7226,626,2.018,3.0894,94489280644,74
San Bernardino|Barstow Fwy N,San Bernardino,Barstow Fwy N,34.2475,-117.4155,2903,2.172,3.0843,498216206474,94
Los Angeles|I-5 S,Los Angeles,I-5 S,34.0179,-118.1856,2998,2.298,3.0829,412316860476,138
Redlands|I-10,Redlands,I-10,34.041,-117.1511,390,2.064,3.0809,223338299496,56
Riverside|I-215 S,Riverside,I-215 S,33.9898,-117.3384,2043,2.378,3.0679,94489280620,106
Modesto|CA-99,Modesto,CA-99,37.6614,-121.0312,269,1.989,3.0459,257698037849,72
Sacramento|I-5 N,Sacramento,I-5 N,38.5472,-121.5155,1991,2.437,3.0348,240518168676,100
Sacramento|I-80,Sacramento,I-80,38.646,-121.4386,329,2.058,2.9986,249108103270,110
Bakersfield|CA-58 E,Bakersfield,CA-58 E,35.357,-118.9938,676,2.067,2.9929,412316860467,80
San Jose|I-280,San Jose,I-280,37.3208,-121.9269,403,2.099,2.9854,455266533524,102
San Jose|I-280 S,San Jose,I-280 S,37.3211,-121.9205,2708,2.381,2.9854,455266533524,102
Escondido|I-15 N,Escondido,I-15 N,33.1312,-117.1007,575,2.666,2.9585,8589934731,88
Fresno|CA-180 W,Fresno,CA-180 W,36.7489,-119.778,1249,2.009,2.9051,532575944739,86
Fresno|CA-180,Fresno,CA-180,36.7496,-119.7726,261,2.0,2.9022,532575944739,86
Los Angeles|US-101,Los Angeles,US-101,34.0777,-118.276,699,2.017,2.8945,360777252922,120
Ontario|I-10 E,Ontario,I-10 E,34.0737,-117.5996,5198,2.286,2.8945,77309411406,70
Ontario|I-10 W,Ontario,I-10 W,34.0729,-117.5934,3816,2.348,2.8945,77309411406,70
Bakersfield|CA-58 W,Bakersfield,CA-58 W,35.3565,-119.0124,809,2.048,2.8835,412316860467,80
Tracy|I-580 E,Tracy,I-580 E,37.7231,-121.5546,1173,2.374,2.8731,223338299536,68
Sacramento| Auburn Blvd,Sacramento, Auburn Blvd,38.6464,-121.3699,352,2.0,2.8658,249108103270,118
Sacramento|Auburn Blvd,Sacramento,Auburn Blvd,38.6455,-121.3707,337,1.976,2.8658,249108103270,118
Santa Cruz|State Highway 1,Santa Cruz,State Highway 1,36.9864,-121.9998,648,2.017,2.8448,300647710836,58
Riverside|CA-91 W,Riverside,CA-91 W,33.9256,-117.4336,3434,2.025,2.8217,94489280620,94
San Diego|I-8 W,San Diego,I-8 W,32.7699,-117.14,2560,2.398,2.8201,249108103273,110
San Diego|I-8 E,San Diego,I-8 E,32.7688,-117.1444,2693,2.378,2.8201,249108103273,110
Santa Rosa|Redwood Hwy S,Santa Rosa,Redwood Hwy S,38.4439,-122.7274,1962,2.003,2.8173,94489280644,68
Los Angeles|US-101 N,Los Angeles,US-101 N,34.0751,-118.2712,1500,2.123,2.7975,360777252922,116
Riverside|CA-60 W,Riverside,CA-60 W,33.9699,-117.3273,3221,2.115,2.7958,94489280620,94
Redlands|I-10 W,Redlands,I-10 W,34.0494,-117.1733,2065,2.355,2.7948,223338299496,52
Redlands|I-10 E,Redlands,I-10 E,34.0455,-117.1617,2041,2.301,2.7948,223338299496,52
San Jose|Bayshore Fwy S,San Jose,Bayshore Fwy S,37.3414,-121.8711,2713,2.046,2.7825,420906795137,96
San Jose|US-101 N,San Jose,US-101 N,37.3378,-121.8626,1409,2.062,2.7825,420906795137,96
San Jose|Bayshore Fwy N,San Jose,Bayshore Fwy N,37.3396,-121.8633,1909,2.033,2.7825,420906795137,96
San Bernardino|CA-210 W,San Bernardino,CA-210 W,34.1424,-117.2858,677,2.059,2.7781,498216206474,82
Modesto|CA-99 S,Modesto,CA-99 S,37.6522,-121.0213,984,2.035,2.7752,257698037849,66
Modesto|CA-99 N,Modesto,CA-99 N,37.6523,-121.021,1185,2.031,2.7752,257698037849,66
San Bernardino|I-215 S,San Bernardino,I-215 S,34.1049,-117.3092,1969,2.408,2.7742,498216206474,84
Long Beach|I-405,Long Beach,I-405,33.8106,-118.163,391,2.133,2.7725,128849018952,100
Long Beach|San Diego Fwy S,Long Beach,San Diego Fwy S,33.8119,-118.1691,1341,2.699,2.7725,128849018952,100
Long Beach|I-405 N,Long Beach,I-405 N,33.8125,-118.1683,3298,2.47,2.7725,128849018952,100
Long Beach|I-405 S,Long Beach,I-405 S,33.812,-118.1677,1531,2.27,2.7725,128849018952,100
San Bernardino|I-215,San Bernardino,I-215,34.1554,-117.3398,450,2.058,2.7719,498216206474,84
San Bernardino|I-215 N,San Bernardino,I-215 N,34.1137,-117.3126,1276,2.462,2.7719,498216206474,84
San Jose|I-280 N,San Jose,I-280 N,37.3218,-121.9153,1559,2.269,2.7658,455266533524,94
San Francisco|James Lick Fwy N,San Francisco,James Lick Fwy N,37.7519,-122.403,2294,2.242,2.7645,438086664325,100
Diamond Bar|CA-57 N,Diamond Bar,CA-57 N,33.9928,-117.8352,1597,2.026,2.7575,266287972450,92
San Bernardino|Barstow Fwy S,San Bernardino,Barstow Fwy S,34.2347,-117.4073,2237,2.297,2.7561,498216206474,84
Los Angeles| S Central Ave,Los Angeles, S Central Ave,33.9593,-118.2551,380,2.037,2.7409,300647710769,118
Madera|CA-99,Madera,CA-99,36.9469,-120.0481,224,1.996,2.719,489626271817,40
Riverside|CA-91,Riverside,CA-91,33.9357,-117.4193,857,2.012,2.7119,94489280620,90
Los Angeles|S Central Ave,Los Angeles,S Central Ave,33.9457,-118.2547,513,2.318,2.6949,300647710769,122
San Bernardino|CA-210 E,San Bernardino,CA-210 E,34.1421,-117.2883,1583,2.075,2.687,498216206474,78
Perris| Cajalco Rd,Perris, Cajalco Rd,33.836,-117.3145,395,2.013,2.6754,214748364892,56
Ventura|El Camino Real S,Ventura,El Camino Real S,34.2939,-119.3169,354,2.028,2.6635,292057776268,64
Salinas|El Camino Real,Salinas,El Camino Real,36.6728,-121.6333,86,1.988,2.6546,163208757370,44
Los Angeles|I-405,Los Angeles,I-405,34.0491,-118.4446,659,2.083,2.6528,532575944751,120
Santa Rosa|US-101,Santa Rosa,US-101,38.4402,-122.7267,213,2.009,2.6401,94489280644,64
Santa Barbara|US-101 N,Santa Barbara,US-101 N,34.4265,-119.708,938,2.021,2.6113,51539607677,50
Santa Barbara|US-101 S,Santa Barbara,US-101 S,34.4262,-119.7045,1055,2.021,2.6113,51539607677,50
Oakland|I-580 W,Oakland,I-580 W,37.7945,-122.2128,2686,2.415,2.607,163208757340,88
Riverside|CA-60 E,Riverside,CA-60 E,33.9748,-117.3345,2061,2.141,2.6041,94489280620,88
Los Angeles|Golden State Fwy N,Los Angeles,Golden State Fwy N,34.0918,-118.2408,2671,2.24,2.6032,412316860476,112
Los Angeles|Golden State Fwy S,Los Angeles,Golden State Fwy S,34.0936,-118.2442,5837,2.407,2.6032,412316860476,112
Riverside|CA-91 E,Riverside,CA-91 E,33.9361,-117.4199,2802,2.014,2.6015,94489280620,86
Fairfield|I-80 W,Fairfield,I-80 W,38.2535,-122.0818,1787,2.482,2.5962,25769803804,56
Dixon|I-80 W,Dixon,I-80 W,38.4784,-121.8185,691,2.425,2.596,523986010143,48
Fresno|CA-41 S,Fresno,CA-41 S,36.7794,-119.7828,1102,2.013,2.5929,532575944739,82
Palmdale|Antelope Valley Fwy S,Palmdale,Antelope Valley Fwy S,34.5616,-118.1304,399,2.015,2.5868,214748364887,68
Palmdale|Antelope Valley Fwy N,Palmdale,Antelope Valley Fwy N,34.5621,-118.1304,601,2.03,2.5868,214748364887,68
Fairfield|I-80,Fairfield,I-80,38.2458,-122.0955,366,2.123,2.5852,25769803804,56
San Jose|Guadalupe Pkwy,San Jose,Guadalupe Pkwy,37.3106,-121.8845,262,2.004,2.5773,257698037905,86
Oakland|I-880 S,Oakland,I-880 S,37.7751,-122.2392,2346,2.314,2.5677,163208757340,88
Vallejo|I-80 E,Vallejo,I-80 E,38.1095,-122.2272,954,2.513,2.5675,17179869334,50
Bakersfield|Bakersfield Tehachapi Hwy,Bakersfield,Bakersfield Tehachapi Hwy,35.3452,-118.9322,200,2.0,2.5657,412316860467,70
Pasadena|Foothill Fwy E,Pasadena,Foothill Fwy E,34.1559,-118.1258,2565,2.319,2.5655,266287972443,82
Pasadena|Foothill Fwy W,Pasadena,Foothill Fwy W,34.1537,-118.1187,1777,2.353,2.5655,266287972443,82
Ventura|El Camino Real N,Ventura,El Camino Real N,34.2995,-119.3262,507,2.018,2.5624,292057776268,62
Los Angeles| S Alameda St,Los Angeles, S Alameda St,33.9716,-118.2332,1034,2.013,2.5569,171798691904,108
Oakland|I-580 E,Oakland,I-580 E,37.7945,-122.2133,2652,2.456,2.556,163208757340,86
Riverside|Riverside Fwy E,Riverside,Riverside Fwy E,33.9369,-117.4182,1154,2.092,2.5449,94489280620,84
Fresno|CA-180 E,Fresno,CA-180 E,36.7506,-119.7662,776,1.982,2.5318,532575944739,74
Fresno|CA-41 N,Fresno,CA-41 N,36.7736,-119.7815,1274,2.013,2.5308,532575944739,80
Los Angeles|CA-110 N,Los Angeles,CA-110 N,34.0619,-118.2482,3034,2.119,2.5298,412316860476,102
Whittier|I-605 N,Whittier,I-605 N,34.0065,-118.0551,1770,2.212,2.5208,60129542300,92
Whittier|San Gabriel River Fwy N,Whittier,San Gabriel River Fwy N,33.9892,-118.068,1051,2.754,2.5208,60129542300,92
Calistoga| Lake County Hwy,Calistoga, Lake County Hwy,38.6341,-122.5946,324,2.077,2.5192,274877906999,24
Fairfield|I-80 E,Fairfield,I-80 E,38.2648,-122.0632,1617,2.405,2.5076,25769803804,54
San Diego|John J Montgomery Fwy S,San Diego,John J Montgomery Fwy S,32.6643,-117.1174,311,2.695,2.5038,249108103273,98
Oakland|I-880 N,Oakland,I-880 N,37.776,-122.2402,3516,2.435,2.4946,163208757340,86
San Jose|Sinclair Fwy N,San Jose,Sinclair Fwy N,37.3237,-121.8935,794,2.602,2.4903,455266533524,86
Stockton|CA-4,Stockton,CA-4,37.9395,-121.3076,130,2.123,2.4893,231928234112,52
Whittier|I-605,Whittier,I-605,34.0102,-118.0514,399,2.105,2.4826,60129542300,90
San Diego|Kumeyaay Hwy,San Diego,Kumeyaay Hwy,32.768,-117.1501,461,2.043,2.4673,249108103273,102
North Hollywood|Hollywood Fwy N,North Hollywood,Hollywood Fwy N,34.1732,-118.3869,341,2.179,2.4658,34359738452,76
North Hollywood|CA-170 N,North Hollywood,CA-170 N,34.1835,-118.3948,584,2.017,2.4658,34359738452,76
North Hollywood|CA-170,North Hollywood,CA-170,34.1818,-118.3933,139,2.036,2.4658,34359738452,76
North Hollywood|CA-170 S,North Hollywood,CA-170 S,34.1753,-118.3898,1252,2.057,2.4658,34359738452,76
Riverside|I-215,Riverside,I-215,33.9723,-117.3273,414,2.085,2.4633,94489280620,86
Porterville|CA-65,Porterville,CA-65,36.095,-119.0487,61,2.033,2.4614,223338299495,22
Oakland|I-580,Oakland,I-580,37.7904,-122.2047,291,2.082,2.4586,163208757340,82
Sacramento|US-50,Sacramento,US-50,38.5613,-121.4371,469,1.998,2.4535,266287972461,96
Sacramento| Stockton Blvd,Sacramento, Stockton Blvd,38.5026,-121.4324,475,2.027,2.4493,455266533510,92
Sacramento|Stockton Blvd,Sacramento,Stockton Blvd,38.5026,-121.4327,499,2.014,2.4493,455266533510,92
Sacramento|I-5,Sacramento,I-5,38.5749,-121.5211,525,2.04,2.433,240518168676,82
Livermore|I-580,Livermore,I-580,37.7096,-121.7322,388,2.09,2.4284,429496729655,48
Los Angeles|Hollywood Fwy S,Los Angeles,Hollywood Fwy S,34.0945,-118.3049,2920,2.039,2.4279,360777252922,98
San Bernardino|CA-210,San Bernardino,CA-210,34.1418,-117.2911,253,2.02,2.4196,498216206474,72
San Diego|CA-163 N,San Diego,CA-163 N,32.7732,-117.1538,1204,2.145,2.4179,249108103273,108
Sacramento|Watt Ave,Sacramento,Watt Ave,38.6003,-121.3829,718,1.999,2.4063,92,96
Malibu|Pacific Coast Hwy,Malibu,Pacific Coast Hwy,34.0454,-118.7406,256,2.02,2.4042,42949673046,28
Sacramento| Florin Rd,Sacramento, Florin Rd,38.4961,-121.4293,805,2.009,2.4042,266287972461,82
Sacramento|Florin Rd,Sacramento,Florin Rd,38.4961,-121.431,709,2.007,2.4042,266287972461,82
Los Angeles| S Western Ave,Los Angeles, S Western Ave,33.97,-118.309,324,2.062,2.3987,77309411393,118
San Mateo|CA-92 W,San Mateo,CA-92 W,37.5614,-122.2799,660,2.039,2.3925,463856468111,56
Garden Grove|Garden Grove Fwy,Garden Grove,Garden Grove Fwy,33.7699,-117.946,1997,2.006,2.3922,335007449236,74
Garden Grove|CA-22 W,Garden Grove,CA-22 W,33.7706,-117.9569,605,2.081,2.3922,335007449236,74
Corona|CA-91 W,Corona,CA-91 W,33.8815,-117.5996,3645,2.066,2.3869,532575944729,78
Corona|CA-91,Corona,CA-91,33.8836,-117.5685,438,2.009,2.3869,532575944729,78
Corona|CA-91 E,Corona,CA-91 E,33.8808,-117.5911,3105,2.038,2.3869,532575944729,78
Vallejo|I-80 W,Vallejo,I-80 W,38.1116,-122.2278,1138,2.412,2.3786,17179869334,46
San Diego|CA-163,San Diego,CA-163,32.7818,-117.1519,385,1.995,2.374,249108103273,106
Los Angeles|S La Cienega Blvd,Los Angeles,S La Cienega Blvd,34.0035,-118.3729,720,2.254,2.3735,532575944751,112
Chico|CA-99,Chico,CA-99,39.7239,-121.8111,154,2.013,2.3731,335007449117,18
Los Angeles| S Vermont Ave,Los Angeles, S Vermont Ave,33.9789,-118.2917,496,2.004,2.3714,77309411393,118
Covina| E Arrow Hwy,Covina, E Arrow Hwy,34.1067,-117.8797,123,2.033,2.3632,438086664195,54
Covina|E Arrow Hwy,Covina,E Arrow Hwy,34.1068,-117.8933,41,2.0,2.3632,438086664195,54
Santa Barbara|US-101,Santa Barbara,US-101,34.426,-119.7014,208,2.005,2.3576,51539607677,46
Corona|I-15 N,Corona,I-15 N,33.8349,-117.5211,1093,2.555,2.3568,532575944729,70
Merced|CA-99 N,Merced,CA-99 N,37.2982,-120.4878,546,2.013,2.3556,352187318273,34
Merced|CA-99 S,Merced,CA-99 S,37.2949,-120.4816,355,1.997,2.3556,352187318273,34
Redwood City|I-280 S,Redwood City,I-280 S,37.4632,-122.2826,934,2.433,2.3528,395136991330,52
Los Angeles|Venice Blvd,Los Angeles,Venice Blvd,34.0307,-118.3632,212,2.646,2.348,386547056703,110
Los Angeles|I-405 N,Los Angeles,I-405 N,34.0408,-118.4372,5406,2.535,2.3393,532575944751,106
Los Angeles|San Diego Fwy S,Los Angeles,San Diego Fwy S,34.0516,-118.4445,1547,2.462,2.3393,532575944751,106
Los Angeles|I-405 S,Los Angeles,I-405 S,34.0507,-118.4459,2784,2.28,2.3393,532575944751,106
Hayward|I-880 S,Hayward,I-880 S,37.6456,-122.0941,2311,2.226,2.3376,300647710755,74
Whittier|I-605 S,Whittier,I-605 S,34.0061,-118.0558,3733,2.248,2.3302,60129542300,84
Van Nuys|I-405 S,Van Nuys,I-405 S,34.1947,-118.4724,1175,2.18,2.3243,523986010150,76
Merced|CA-99,Merced,CA-99,37.284,-120.4632,168,2.03,2.3233,352187318273,30
San Diego|CA-15 S,San Diego,CA-15 S,32.7371,-117.1139,1189,2.055,2.3213,249108103273,104
Madera| Highway 145,Madera, Highway 145,36.9549,-119.9928,117,2.009,2.3196,489626271817,28
Oakland|I-880,Oakland,I-880,37.7728,-122.2365,336,2.226,2.3193,163208757340,80
Los Angeles|E Washington Blvd,Los Angeles,E Washington Blvd,33.997,-118.151,364,2.665,2.3182,369367187461,88
Marysville|CA-70,Marysville,CA-70,39.1144,-121.5634,66,2.061,2.3171,171798691917,44
San Rafael|US-101 S,San Rafael,US-101 S,37.9976,-122.5306,360,2.072,2.3165,369367187574,48
San Rafael|Redwood Hwy,San Rafael,Redwood Hwy,37.9936,-122.5286,1527,1.995,2.3165,369367187574,48
San Rafael|US-101,San Rafael,US-101,37.983,-122.5216,142,1.993,2.3165,369367187574,48
Los Angeles|CA-134 W,Los Angeles,CA-134 W,34.1528,-118.2781,1088,2.054,2.3127,171798691903,88
Los Angeles|CA-134 E,Los Angeles,CA-134 E,34.1517,-118.2746,1004,2.095,2.3127,171798691903,88
San Jose|Norman Y Mineta Hwy,San Jose,Norman Y Mineta Hwy,37.2551,-121.895,594,2.024,2.309,257698037905,68
San Jose|CA-85 S,San Jose,CA-85 S,37.2542,-121.8898,1124,2.028,2.309,257698037905,68
Sacramento|Roseville Rd,Sacramento,Roseville Rd,38.6867,-121.3502,74,2.0,2.3061,249108103270,88
La Puente| E Valley Blvd,La Puente, E Valley Blvd,34.0162,-117.9289,74,2.0,2.3042,403726925878,84
Winchester|Winchester Rd,Winchester,Winchester Rd,33.6754,-117.0896,253,2.016,2.3011,120259084458,32
