fpr,tpr
0.0,0.0
0.0005,0.01134
0.00097,0.0185
0.00146,0.0264
0.00199,0.03314
0.00252,0.04037
0.0031,0.04618
0.00362,0.05307
0.00421,0.05876
0.00475,0.06506
0.00535,0.07025
0.00589,0.0766
0.00642,0.08174
0.00706,0.0861
0.00764,0.09185
0.00819,0.09658
0.00878,0.10229
0.00944,0.10698
0.01002,0.11089
0.01066,0.11614
0.01132,0.12124
0.01195,0.12563
0.01272,0.13056
0.01327,0.13451
0.01388,0.13974
0.01452,0.14485
0.01525,0.14907
0.01593,0.15384
0.01664,0.15831
0.01728,0.16308
0.0179,0.16745
0.01849,0.172
0.01922,0.17699
0.01999,0.1813
0.02064,0.18513
0.02125,0.18925
0.02191,0.19363
0.02262,0.19775
0.02332,0.20144
0.02399,0.205
0.02463,0.20909
0.02536,0.21312
0.02603,0.21714
0.02671,0.22134
0.02747,0.22495
0.02824,0.22875
0.02896,0.23237
0.02976,0.2356
0.03063,0.23918
0.0314,0.24304
0.03217,0.24646
0.03291,0.25017
0.03367,0.25356
0.03437,0.25701
0.03507,0.26084
0.03583,0.26434
0.03654,0.26809
0.03731,0.27129
0.03807,0.27489
0.03895,0.2784
0.03974,0.28209
0.0405,0.28582
0.04124,0.28943
0.04203,0.29312
0.04281,0.29592
0.04367,0.29933
0.04449,0.30295
0.04534,0.30615
0.04615,0.30952
0.04711,0.31318
0.04797,0.31668
0.04884,0.32022
0.04974,0.32367
0.05065,0.32682
0.05158,0.32985
0.05237,0.33291
0.05326,0.33581
0.05408,0.33915
0.05507,0.34221
0.05583,0.34516
0.05671,0.34831
0.0577,0.35166
0.05862,0.35462
0.05951,0.35797
0.06037,0.36149
0.06127,0.36476
0.06222,0.36797
0.06313,0.37114
0.06397,0.37416
0.06482,0.37729
0.06567,0.38001
0.06668,0.38297
0.06759,0.38587
0.06857,0.38868
0.06946,0.39194
0.0704,0.39453
0.07133,0.39755
0.07239,0.40061
0.07331,0.40342
0.07432,0.40608
0.07524,0.40887
0.0761,0.4115
0.07705,0.41463
0.078,0.41776
0.07912,0.42065
0.08008,0.42323
0.08097,0.42619
0.08192,0.42928
0.08296,0.43182
0.08391,0.4346
0.0849,0.4372
0.0859,0.44014
0.08689,0.44291
0.08789,0.44556
0.08883,0.44811
0.08993,0.45088
0.09113,0.45358
0.09229,0.4562
0.09326,0.45876
0.09427,0.46127
0.09551,0.46398
0.09661,0.46681
0.09777,0.46924
0.09891,0.4722
0.10007,0.47476
0.10111,0.47743
0.10221,0.48008
0.10332,0.4827
0.10443,0.48504
0.1054,0.48752
0.10649,0.49012
0.10776,0.49285
0.10889,0.49562
0.1102,0.49836
0.11156,0.50091
0.11256,0.50344
0.11371,0.50607
0.1148,0.50882
0.11603,0.51128
0.1172,0.5137
0.11838,0.51616
0.11944,0.51867
0.12048,0.5213
0.12163,0.52385
0.12279,0.52624
0.12388,0.52857
0.12512,0.53071
0.12625,0.53324
0.12771,0.53558
0.12876,0.53813
0.13005,0.54066
0.13132,0.54302
0.13264,0.54527
0.13402,0.54801
0.13522,0.5503
0.13644,0.5528
0.13779,0.55521
0.139,0.55798
0.14031,0.56032
0.14138,0.56278
0.1426,0.56519
0.14402,0.56767
0.14528,0.56988
0.14659,0.57207
0.14777,0.57456
0.14915,0.57708
0.15049,0.57926
0.15167,0.58183
0.15314,0.58426
0.15437,0.58656
0.15574,0.58874
0.15709,0.59072
0.15855,0.59289
0.15999,0.59511
0.16133,0.59761
0.1627,0.59987
0.16422,0.60221
0.16563,0.60445
0.16698,0.60662
0.16825,0.60877
0.16964,0.6111
0.17121,0.61322
0.1725,0.61539
0.17384,0.61761
0.17535,0.61985
0.17682,0.62213
0.17854,0.62423
0.17998,0.62647
0.18177,0.62857
0.18341,0.63068
0.18497,0.63293
0.18642,0.63521
0.18777,0.6376
0.18924,0.63989
0.19091,0.64203
0.19234,0.64412
0.19391,0.64637
0.19549,0.64851
0.19692,0.65075
0.19846,0.65306
0.20026,0.65526
0.20177,0.6574
0.20326,0.65967
0.20478,0.66176
0.20645,0.66381
0.20811,0.66607
0.20969,0.66831
0.21116,0.67055
0.21265,0.67275
0.21424,0.67489
0.21598,0.67711
0.21775,0.67925
0.21951,0.6813
0.22109,0.68335
0.22275,0.68542
0.22422,0.68766
0.22572,0.68987
0.22752,0.69189
0.22907,0.69399
0.23075,0.69592
0.23231,0.69807
0.23408,0.70021
0.23568,0.70228
0.23733,0.70444
0.2393,0.70647
0.24099,0.70873
0.24286,0.7108
0.24451,0.71281
0.24652,0.71478
0.24821,0.71673
0.25018,0.71881
0.25197,0.72083
0.2537,0.72314
0.2552,0.72523
0.25691,0.72723
0.2585,0.72929
0.26037,0.73119
0.26217,0.73319
0.26384,0.73507
0.26552,0.73709
0.26747,0.7389
0.26939,0.74099
0.27159,0.74299
0.27332,0.74489
0.27527,0.74696
0.27717,0.74897
0.27899,0.75104
0.28077,0.75297
0.28284,0.75491
0.28485,0.75694
0.2868,0.75884
0.28891,0.76072
0.29082,0.76264
0.29253,0.7645
0.29471,0.76628
0.29678,0.76828
0.29844,0.77004
0.30062,0.77206
0.3025,0.77395
0.30456,0.77583
0.30664,0.77775
0.30879,0.77954
0.31112,0.78146
0.31375,0.78355
0.31594,0.78543
0.31816,0.78727
0.32025,0.78922
0.32224,0.79122
0.32462,0.79317
0.32677,0.79521
0.32895,0.79709
0.33116,0.79895
0.33365,0.80092
0.33604,0.80302
0.33822,0.80493
0.34048,0.8068
0.34323,0.80866
0.3455,0.81059
0.34785,0.81247
0.35061,0.81449
0.35274,0.81632
0.35563,0.81808
0.35765,0.82012
0.35995,0.82203
0.36214,0.82372
0.36507,0.82549
0.36766,0.82745
0.37017,0.82935
0.37277,0.83125
0.3755,0.83304
0.3779,0.83482
0.38047,0.83658
0.38267,0.83846
0.38525,0.84029
0.38767,0.84229
0.39011,0.84404
0.39279,0.84575
0.3954,0.84764
0.39799,0.84959
0.40073,0.85139
0.40348,0.85313
0.40605,0.85491
0.4087,0.85676
0.41127,0.8585
0.41392,0.86043
0.41661,0.86242
0.41943,0.86414
0.42247,0.86596
0.4249,0.86785
0.42775,0.86961
0.43033,0.87143
0.43321,0.87307
0.43632,0.87459
0.43916,0.8765
0.44257,0.87828
0.44556,0.88016
0.44866,0.88201
0.45121,0.88362
0.45459,0.8854
0.45808,0.88697
0.46139,0.88854
0.46425,0.89027
0.46786,0.89193
0.47143,0.89365
0.475,0.89541
0.47825,0.89709
0.48208,0.89885
0.4855,0.90066
0.48843,0.90241
0.4913,0.90412
0.49432,0.90581
0.49745,0.9075
0.50072,0.90918
0.5044,0.91084
0.50874,0.91258
0.51276,0.91427
0.51569,0.91603
0.51914,0.91771
0.52278,0.91935
0.52656,0.92098
0.5303,0.92268
0.53406,0.92428
0.538,0.92598
0.54214,0.92764
0.54575,0.9294
0.54993,0.93101
0.55431,0.93264
0.5582,0.93419
0.56235,0.93573
0.56606,0.93727
0.56971,0.93877
0.57436,0.94033
0.57844,0.9419
0.58282,0.94342
0.58821,0.94508
0.59233,0.94667
0.59678,0.9483
0.60152,0.94982
0.60665,0.95139
0.61151,0.95288
0.61666,0.95445
0.62203,0.95608
0.62685,0.95755
0.63201,0.95898
0.63675,0.96068
0.64221,0.96221
0.6478,0.9637
0.654,0.96519
0.66003,0.96652
0.6658,0.96803
0.67183,0.96948
0.67938,0.9708
0.68647,0.97222
0.69309,0.97364
0.70104,0.97495
0.70807,0.97627
0.71571,0.97755
0.72169,0.97895
0.7297,0.98022
0.73805,0.98145
0.74681,0.9827
0.75488,0.98389
0.76411,0.98494
0.77354,0.98601
0.78258,0.98723
0.7924,0.98836
0.80451,0.98928
0.81377,0.99034
0.82581,0.99138
0.83803,0.99246
0.85155,0.9935
0.86621,0.99432
0.879,0.99508
0.89366,0.99595
0.90941,0.99667
0.92436,0.99737
0.9392,0.99809
0.95398,0.99865
0.96746,0.99925
0.98041,0.99969
0.99213,0.99995
